{
    "loss": [
        416.0816606283188,
        409.89622980356216
    ],
    "acc": [
        0.24302065122377622,
        0.36717384178321677
    ],
    "val_loss": [
        0.7246654527527946,
        0.7171124270984105
    ],
    "val_acc": [
        0.2799525669642857,
        0.35975167410714287
    ]
}