{
    "loss": [
        0.7342343926429749,
        0.7335164546966553,
        0.7322618961334229
    ],
    "acc": [
        0.10667,
        0.15333,
        0.17667
    ],
    "val_loss": [
        0.7321006655693054,
        0.7361738681793213,
        0.7333052158355713
    ],
    "val_acc": [
        0.2,
        0.05,
        0.15
    ]
}