{
    "loss": [
        0.7345413565635681
    ],
    "acc": [
        0.03333
    ],
    "val_loss": [
        0.7380774617195129
    ],
    "val_acc": [
        0.05
    ]
}