{"ode": {"null": [0.9973333333333333, 0.9959666666666667, 0.9958, 0.9979, 0.9963666666666666], "1e-07": [0.9056166666666666, 0.93965, 0.89965, 0.97125, 0.9752666666666666], "50.0": [0.723, 0.8845, 0.7422333333333333, 0.9199666666666667, 0.8996666666666666], "75.0": [0.4943166666666667, 0.80445, 0.6292666666666666, 0.8309333333333333, 0.75965], "100.0": [0.3032166666666667, 0.6988166666666666, 0.5329833333333334, 0.6961333333333334, 0.5733833333333334]}, "cnn": {"null": [0.99785, 0.9977833333333334, 0.9992166666666666, 0.9991666666666666, 0.9992666666666666], "1e-07": [0.49721666666666664, 0.88885, 0.6517, 0.9304833333333333, 0.6056], "50.0": [0.30456666666666665, 0.72785, 0.33708333333333335, 0.6593833333333333, 0.39271666666666666], "75.0": [0.1993, 0.5515833333333333, 0.2049, 0.4202166666666667, 0.24006666666666668], "100.0": [0.13025, 0.42838333333333334, 0.1485, 0.25683333333333336, 0.16081666666666666]}}