{"ode": {"null": [0.9938, 0.9961833333333333, 0.99715, 0.9974, 0.99655], "1e-07": [0.9743, 0.9902833333333333, 0.9281333333333334, 0.9482666666666667, 0.9536], "50.0": [0.9431333333333334, 0.97515, 0.8558, 0.83795, 0.8932], "75.0": [0.8636666666666667, 0.9258333333333333, 0.7612333333333333, 0.6489666666666667, 0.7530833333333333], "100.0": [0.7058, 0.80515, 0.6425666666666666, 0.4521833333333333, 0.5335]}, "cnn": {"null": [0.9985833333333334, 0.9935, 0.99775, 0.9991166666666667, 0.9990333333333333], "1e-07": [0.8265833333333333, 0.2805166666666667, 0.6987166666666667, 0.6005666666666667, 0.6526333333333333], "50.0": [0.64175, 0.20756666666666668, 0.5519666666666667, 0.39165, 0.45713333333333334], "75.0": [0.5018166666666667, 0.194, 0.40915, 0.30141666666666667, 0.34913333333333335], "100.0": [0.3940166666666667, 0.18801666666666667, 0.31616666666666665, 0.23843333333333333, 0.2772833333333333]}}