{"ode": {"null": [0.8113763872394447, 0.8076770820535921, 0.7467545763544781, 0.6608924744393028, 0.814311260357372], "1e-07": [0.6318850075760678, 0.49379581473442813, 0.6372769837694692, 0.5563017868599588, 0.5305841080033308], "50.0": [0.45515104358627845, 0.3403633782437173, 0.44143221808154853, 0.3931637932211256, 0.38317157404753127], "75.0": [0.3521438224333511, 0.26886167874742345, 0.3468474002484404, 0.3135946052936921, 0.3144136396521834], "100.0": [0.27582347079459985, 0.2173853693162428, 0.282935419140833, 0.2603846731370381, 0.26729186289364837]}, "cnn": {"null": [0.9723848915462003, 0.9739820085452585, 0.9735861419386543, 0.970992533136765, 0.9739547073999755], "1e-07": [0.8011248071856615, 0.7287904227582347, 0.580012831538283, 0.727439016066724, 0.7876107402705543], "50.0": [0.4186630629154893, 0.3953478848437692, 0.33382475394842814, 0.416014851823034, 0.42633468474002484], "75.0": [0.27104577037006705, 0.26091704547005745, 0.23941739355965982, 0.28335858689272014, 0.27043149460119853], "100.0": [0.1946162141501836, 0.1895382011275373, 0.18758616923979962, 0.21252576545586088, 0.19318290402282376]}}